pmcid	pmcidTitle	table	column	description	geneSetSize	nOverlap	oddsRatio	pvalue	adjPvalue	geneSetHash
PMC11721463	BiomiX, a user-friendly bioinformatic tool for democratized analysis and integration of multiomics data	12859_2024_6022_MOESM7_ESM.xlsx	Whole_Mutated_vs_Unmutated_GE-1-X		1138	28	11.398066783831283	9.701248529375958e-25	3.9187109069514304e-19	fadc3e1f-ccbf-5c69-8101-cf41b15f3ba1
PMC11721463	BiomiX, a user-friendly bioinformatic tool for democratized analysis and integration of multiomics data	12859_2024_6022_MOESM7_ESM.xlsx	Whole_Mutated_vs_Unmutated_GE-1-Gene_name		1140	28	11.378070175438596	1.0179910940513476e-24	3.9187109069514304e-19	f3d2f3de-a00d-5b07-9a17-670e5954cd61
PMC5494194	Chromatin accessibility maps of chronic lymphocytic leukaemia identify subtype-specific epigenome signatures and transcription regulatory networks	ncomms11938-s4.xlsx	mCLL-uCLL_diff_expressed_genes-ensembl_gene_identifier	Supplementary Data 3Differentially expressed genes between CLL subtypes. List of differentially expressed genes between three disease subtypes (mCLL, iCLL, uCLL), based on RNA-seq data for representative samples in each subtype	139	11	36.660071942446045	6.2079617278666516e-15	1.5931512875429948e-9	85e25674-00a4-5e8e-a0e7-0109088f395a
PMC4609092	Gene expression and splicing alterations analyzed by high throughput RNA sequencing of chronic lymphocytic leukemia specimens	12885_2015_1708_MOESM6_ESM.xlsx	Sheet1-Unnamed_1		624	16	11.87820512820513	9.040851350534756e-14	1.7401175217786386e-8	0cb0e678-817d-5adf-8ac5-51c99f31221f
PMC4659237	Regulatory network reconstruction reveals genes with prognostic value for chronic lymphocytic leukemia	12864_2015_2189_MOESM1_ESM.xlsx	Supplementary_Table_1-GENE		1226	19	7.1792414355628065	1.7959089363774939e-12	2.7653082538732104e-7	62f39ba4-acf1-5b68-bf13-ac108362fe7b
PMC4659237	Regulatory network reconstruction reveals genes with prognostic value for chronic lymphocytic leukemia	12864_2015_2189_MOESM1_ESM.xlsx	Supplementary_Table_2-Unnamed_4		36	6	77.20833333333333	1.312095898927059e-10	0.00001683618039534754	66d0f7a9-5392-5faf-aa29-dbf1625f13d3
PMC4308916	Identification and characterization of microRNAs from Chinese pollination constant non-astringent persimmon using high-throughput sequencing	12870_2014_400_MOESM1_ESM.xlsx	Top500_increased_var_genes-Unnamed_1		414	10	11.189613526570048	1.4232091449977532e-8	0.0015653084455020932	49557b58-9aef-5712-97bb-070c5aa8cafd
PMC4308895	Higher gene expression variability in the more aggressive subtype of chronic lymphocytic leukemia	13073_2014_125_MOESM2_ESM.xlsx	Top500_increased_var_genes-Unnamed_1		414	10	11.189613526570048	1.4232091449977532e-8	0.0015653084455020932	49557b58-9aef-5712-97bb-070c5aa8cafd
PMC4308916	Identification and characterization of microRNAs from Chinese pollination constant non-astringent persimmon using high-throughput sequencing	12870_2014_400_MOESM1_ESM.xlsx	Top500_increased_var_genes-Column_ICGC_Top_500_genes_with_increased_variability_in_U-CLL_in_the_ICGC_dataset_total_number_of_genes_analyzed_20_474		464	10	9.983836206896552	4.170801616341711e-8	0.00401382828400867	406f0e03-8d98-50bf-89c1-8c102302be51
PMC4308895	Higher gene expression variability in the more aggressive subtype of chronic lymphocytic leukemia	13073_2014_125_MOESM2_ESM.xlsx	Top500_increased_var_genes-Column_ICGC_Top_500_genes_with_increased_variability_in_U-CLL_in_the_ICGC_dataset_total_number_of_genes_analyzed_20_474		464	10	9.983836206896552	4.170801616341711e-8	0.00401382828400867	406f0e03-8d98-50bf-89c1-8c102302be51
PMC5494194	Chromatin accessibility maps of chronic lymphocytic leukaemia identify subtype-specific epigenome signatures and transcription regulatory networks	ncomms11938-s4.xlsx	uCLL-iCLL_diff_expressed_genes-ensembl_gene_identifier	Supplementary Data 3Differentially expressed genes between CLL subtypes. List of differentially expressed genes between three disease subtypes (mCLL, iCLL, uCLL), based on RNA-seq data for representative samples in each subtype	271	8	13.675276752767527	1.0251336398712183e-7	0.008310815123669614	b31b7485-cf10-545d-ae70-3ecc7a188c4b
PMC10614035	Subgroup-specific gene expression profiles and mixed epistasis in chronic lymphocytic leukemia	2022_281869_LUTGE_SUPPL_TABLES4.xlsx	ACTN2-Symbol		54	5	42.89351851851851	1.081202620929386e-7	0.008310815123669614	91056ef6-852c-522f-925b-3957a8b65005
PMC10614035	Subgroup-specific gene expression profiles and mixed epistasis in chronic lymphocytic leukemia	2022_281869_LUTGE_SUPPL_TABLES4.xlsx	ACTN2-Unnamed_0		55	5	42.11363636363636	1.1874273937526967e-7	0.008310815123669614	aca7d0ed-9b09-5196-bc13-86ec1e74032a
PMC10614035	Subgroup-specific gene expression profiles and mixed epistasis in chronic lymphocytic leukemia	2022_281869_LUTGE_SUPPL_TABLES4.xlsx	ACTN2-ID		55	5	42.11363636363636	1.1874273937526967e-7	0.008310815123669614	aca7d0ed-9b09-5196-bc13-86ec1e74032a
PMC5494194	Chromatin accessibility maps of chronic lymphocytic leukaemia identify subtype-specific epigenome signatures and transcription regulatory networks	ncomms11938-s5.xlsx	mCLL-uCLL_signature_regions-associated_gene_symbol	Supplementary Data 4Chromatin-accessible regions associated with IGHV mutation status. List of regions with differential chromatin accessibility between IGHV-mutated and IGHV-unmutated CLL samples, based on the machine learning analysis or alternatively based on differential peak analysis using DESeq2	568	10	8.15580985915493	2.7335163854327365e-7	0.017537580529143292	b92b0f1d-9cb3-557a-b2a3-5defb204e4a8
PMC11846038	The pharmacogenomic landscape in the Chinese: An analytics of pharmacogenetic variants in 206,640 individuals	mmc4.xlsx	Sheet1-Unnamed_5		580	10	7.987068965517241	3.312774518206474e-7	0.019619040666126925	b675c3c5-9ace-5f48-842b-b6820877c0db
PMC10785356	Robustness evaluations of pathway activity inference methods on gene expression data	12859_2024_5632_MOESM21_ESM.xlsx	sDRW-Unnamed_2	dataset as shown in the bar chart. Additional files 16, 17, 18, 19, 20, **21**  Additional file 21. Literature validation of top-6 frequently selected pathway markers predicted by seven pathway activity inference methods for breast cancer dataset	145	6	19.16896551724138	6.577377754720918e-7	0.0361704566925703	58cd8b4b-b08b-54e1-9233-0ee28142c19a
PMC8742018	Analysis of yellow mutant rainbow trout transcriptomes at different developmental stages reveals dynamic regulation of skin pigmentation genes	41598_2021_4255_MOESM3_ESM.xlsx	YR1d-vs-YR45d-Unnamed_4	related to pigment synthesis in the YR45d vs. YR90d comparison (Fig. 7 and Table **S3**)  Supplementary Table S3	1396	14	4.662473040977714	7.211436005045286e-7	0.03701346451573547	8e5ac510-2a4f-58a0-bc68-3ef21d6b6f19
PMC10768010	Signaling network analysis reveals fostamatinib as a potential drug to control platelet hyperactivation during SARS-CoV-2 infection	Table_1.xlsx	S16-GENE_NAME	2256 differentially expressed genes were found in non-ICU and ICU patients, respectively (details in **Supplementary Tables 1–3**)  Click here for additional data file	2125	17	3.7147405660377357	7.824914897057761e-7	0.037652072218816855	f8550564-1adc-5cd8-8df9-fe4e2da8c90c
PMC11426526	Peculiar transcriptional reprogramming with functional impairment of dendritic cells upon exposure to transformed HTLV-1-infected cells	ppat.1012555.s016.xlsx	Endocrine_and_excretory_system-Total		366	8	10.125683060109289	0.0000010033249789617148	0.04543828655163609	29bad2ce-2bf6-5fd9-b23a-5da5db27bbd3
PMC8216629	Profiling of Primary and Mature miRNA Expression in Atherosclerosis-Associated Cell Types	atv-41-2149-s002.xlsx	Table_IV-Unnamed_16		2447	18	3.407642010625256	0.00000114346443022531	0.04556038394473336	35d0df83-f337-53e6-b3f9-c213d3b20e35
PMC10338795	Integrated multiomic analysis and high‐throughput screening reveal potential gene targets and synergetic drug combinations for osteosarcoma therapy	MCO2-4-e317-s002.xlsx	Table_S6-Unnamed_1	(criteria: |fold change| ≥ 2, adjusted p value < 0.05) (Figure 1A and Table **S1**)  Supporting information  Click here for additional data file	2188	17	3.607535501603298	0.0000011828812663392803	0.04556038394473336	2110e24a-6177-5f82-b497-4da4566d3a0b
PMC8093261	Single-cell profiling reveals the trajectories of natural killer cell differentiation in bone marrow and a stress signature induced by acute myeloid leukemia	41423_2020_574_MOESM9_ESM.xlsx	Table_1B-Unnamed_0	Table S1	667	10	6.945277361319341	0.000001183554138046382	0.04556038394473336	6ebeea50-2769-51c6-a900-df938943f694
PMC8252845	High-throughput analysis of the interactions between viral proteins and host cell RNAs	mmc5.xlsx	TotalGO-Unnamed_156	Multimedia component 5	381	8	9.75263157894737	0.0000013288377610274286	0.04871715393691277	c2d84642-f211-5ce4-8c3b-f2a728a273ba
