Feature,Importance
CDKN2A,0.22583220153662842
MELK,0.0251934916486498
GATA3-AS1,0.023335280962819525
RHOB,0.021156461015129024
S100B,0.018988527694597905
CPEB3,0.015585820966865867
NOVA1,0.013812943867393642
BUB1B,0.012531989195849746
PLAGL1,0.012260582441745781
CDC25C,0.011931349801598117
NUDT12,0.011331193117715032
COQ7,0.0101706863571672
FBXL17,0.009830375847348478
PGR,0.009333161936594479
ZNF619,0.009206394634733443
PYCARD,0.00915973766557272
NEK10,0.00903856342617746
EPHX2,0.008597141037023904
MMP7,0.008571853476778947
ZNF417,0.008446877801034133
AR,0.0084012735233664
SLC2A10,0.007639817359042695
CXXC5,0.007533003342139864
GLUL,0.007515312438946467
ACTB,0.007402694518546924
DAPK1,0.007341936991550028
AGO2,0.007247870671455985
RBM38,0.007178471140425245
KLF2,0.00709909975323535
MSN,0.00703905669277583
S100A8,0.006925425369257368
SIRPA,0.006905006427327805
NKX1-2,0.006879828927469162
NEK4,0.0068289498028934765
NEK11,0.006727450881196773
PARP3,0.006723011668812189
AURKA,0.006587622379011009
TFCP2L1,0.006427814849134621
SFRP4,0.0063774987737124315
ATP8B1,0.006239820833415479
ZNF396,0.006232247798208846
TAL1,0.006182759694591823
ZNF442,0.006175817129405914
TAF5L,0.0061598258388112295
BLM,0.0060688106337911454
COL4A4,0.005973883566213771
PLK1,0.005960859918384813
PADI2,0.005928687825656546
EIF1,0.00586148395406417
ORC1,0.005809412009897642
MED7,0.00580402899145247
ZNF609,0.005775221290183253
EGR3,0.005772010873255624
LAMA2,0.005738578929376672
RGMA,0.005683192642429731
FOXC1,0.00564790920511522
ENPP1,0.005463671367659117
RRP1B,0.005448114184197038
GPRC5B,0.005439097582965588
AGR2,0.005400943783033228
LAMC2,0.005364881481502749
ELF5,0.00534350741774701
LRP8,0.005329752728309359
PCBD2,0.005296386771236257
CREBL2,0.005232355537183079
CCNE1,0.00511816510108838
LILRB2,0.005091570488817524
ZNF214,0.004988805413813679
NLRC5,0.004978306245923363
MAPK4,0.004911638840286401
MATR3,0.004907966065089567
IGF1R,0.00490264229825786
SOX6,0.004861646889625831
HOXD8,0.0048144186824793
EGR1,0.004812544038238784
CREB3L4,0.004801305414098067
JUN,0.004780020625169463
RAD54L,0.004737721760495334
PDE2A,0.004705946447065798
SIRT1,0.0047024375654582395
SETD7,0.004652820046150736
SMAD5,0.004535806396578664
RCHY1,0.004406106712227938
BCL11A,0.004381517463491036
ADAMTS15,0.004380819005568924
ZBED4,0.004372748168330873
ESR1,0.004365761297841062
ATAD2,0.004353573202317193
FGF10,0.004338837637144025
LARP4,0.004326766208541812
ZNF213,0.004258146370004397
SOX10,0.004236693381331974
LAMP3,0.004187202352972236
ADAMTS3,0.00418457800213946
ZNF184,0.004178950824396452
SKI,0.004164216315861268
MAP3K12,0.0041541796384757385
NEK1,0.004120735796943336
AURKB,0.004097266454977216
CAD,0.00407327614579117
GATA3,0.004058723382349853
ZCCHC4,0.004044388357899152
MYBL1,0.004035900047165341
HOXB3,0.004027248977336513
CPSF3,0.004022683253147988
ROR1,0.004015111021874873
FOXA1,0.004006865423025602
CIRBP,0.003996091328408511
SFRP1,0.0038669200718702825
COL1A2,0.00385984428833126
CPA4,0.0038586101039009006
ADARB1,0.00384304568884545
ZNF778,0.003842330022889655
JUNB,0.0037966577531187793
RAD51AP1,0.00375944648226141
KLK7,0.0037563353106345974
CRY2,0.0037414394028601238
KLF5,0.0037247417629950094
MSX2,0.0037190949461614765
FGF18,0.0037124862279888475
POLK,0.003686160933827523
ZNF589,0.0036840231539390514
HSPB1,0.003652048839816629
SMARCE1,0.003634877613052808
ZNF441,0.0036342770233022746
CASC16,0.003630713888382161
ZBTB16,0.0035881729997981893
ZFP69B,0.003585453491599765
KDM8,0.0035315887797332836
VRK1,0.0035131470500479054
ELF4,0.0035100274908181745
DACH1,0.003508302126352292
CX3CL1,0.003504884463116101
STK11,0.0034924871908833663
FGFR3,0.0034841213492488804
ZNF587,0.0034741432528328743
ZNF182,0.0034522255616902843
PCSK5,0.003436687298642937
IFI16,0.0034332926540065504
ZNF611,0.003420829417533241
CXCL10,0.003410059979332459
TAF4B,0.003394564762960954
MFAP4,0.003379372796445409
RPL24,0.003378165530261867
MAP3K1,0.0033752680911694278
PDGFRB,0.0033738380827067404
ZNF253,0.0033400461199635176
PUM3,0.0033345907161476587
RNF14,0.0033193690753078042
PSMB2,0.00331752741503567
MYB,0.0033138676826274037
MBTPS2,0.003280595666474255
GADD45B,0.003247033170797579
ZNF683,0.0032458750060177406
SETDB2,0.003238760167892906
MECOM,0.003213437530193005
FST,0.0032130402403563497
MAST4,0.0031988293943975583
LAMB2,0.003126230544029781
CDH5,0.003124164740482229
CCNB1,0.003118978727452486
FZR1,0.0031100153760274052
PER2,0.0031045899899095845
AFAP1-AS1,0.0031045721920963843
CDK6,0.0031003050403270154
COL4A6,0.0030961576547782815
HMGB3,0.003071531192822675
ALYREF,0.0030562452351091452
PPM1A,0.003044878171946948
MMP12,0.0030237362976652093
CPSF4,0.003013941925906252
SF3B3,0.0030109933703824938
MED8,0.0029854939181823284
ACER2,0.0029736948919744464
TFAP2B,0.0029725796090351647
ISY1,0.0029663374927195035
MED30,0.0029445266685180515
ABCA2,0.0029279533252556575
KAT7,0.002921408342052018
OTUD7B,0.002910966055910933
MORC2,0.0029106952029396777
PYM1,0.0029087283902517807
BRD8,0.0029035336895875618
SF3A3,0.0028945092482026667
NOLC1,0.0028831434387830085
ETS1,0.0028828358078235397
ZNF25,0.002871089644424501
ZNF444,0.002861283222441216
HPN,0.0028438221701738943
CELF4,0.002835713414175416
SFSWAP,0.0028322466735626224
EGFR,0.0028308323116337563
ZNF500,0.0028245562717129358
TRIM2,0.002803106934428001
DEPDC1,0.002796646559232613
HHEX,0.002795650299463887
TP53BP2,0.002770737759392205
ZNF44,0.0027596766004098754
KLF11,0.002743458597338758
NID1,0.002739399504920584
HMGA1,0.002725005121568387
CRBN,0.0027121678824041737
SALL2,0.002708309272333281
CDC40,0.0026826764651486884
ZNF560,0.0026430332214367807
HIVEP2,0.002625962617326877
ZNF621,0.002616739936667727
ZNF385A,0.0026045527802929097
CHD8,0.002599421777224052
SIM1,0.0025747845916412188
BUD13,0.002572713904536158
ACVR1B,0.0025556904108270826
ZBTB18,0.0025525735124720087
FZD9,0.0025510129867132034
DPF3,0.0025506022521003613
AEBP1,0.0025409995484369577
TTK,0.002525936722406186
HIF1A,0.0025238017471918396
IKZF5,0.0025230852464737837
CDC20,0.0025144532997801432
LYN,0.0025132197088018984
RNF144A,0.002512135952495328
KMT2B,0.002492204349502572
SLC7A5,0.0024649423268253657
FYN,0.0024376589001913087
EBF4,0.0024260209251863217
RPS27L,0.0023947656263191173
FBN1,0.002390733833959757
DSCAM-AS1,0.0023717640774702886
PDCD4,0.0023698498562322074
NFYC,0.002367349470784575
AQP1,0.0023606134993423337
NELFE,0.0023567939825443317
ITGA11,0.002354209519093274
FOXD2,0.002353806998937216
PPRC1,0.0023497088367621473
COPS3,0.0023309962098865067
ZNF492,0.0023287465712346603
ZIC1,0.0023223246682480864
PURA,0.002317944741246038
FBXO31,0.0023156937119899793
IL1RAP,0.00230071916464658
IGF2BP3,0.0022985639013131734
ZNF462,0.0022941772554380575
ZNF491,0.0022918040653385104
BCL11B,0.0022878628167673012
GRK6,0.002284272880046046
IGBP1,0.002269567132054476
RFWD3,0.0022595869509750626
IFIH1,0.002251320863400679
TAF2,0.0022493091114301933
NR2C2,0.0022466731863387394
OXSR1,0.002243194724323075
FIGNL1,0.002236227672576206
E2F3,0.002235488396391247
PSEN1,0.0022230195695824265
DBP,0.002216814616659555
ZNF670,0.00221303465339588
CDK2,0.0022014411285563255
ZFPM1,0.0021968411303532774
COLGALT1,0.0021939185395972345
IGFBP4,0.0021729576289607165
NKRF,0.0021655858699814417
MAPK14,0.002158644150575384
ZNF318,0.0021575397545821034
MED27,0.0021554547901873776
FOXN2,0.0021361457643349693
PSMB6,0.0021302350894088808
JAM3,0.002128411311025047
POLI,0.0021272956420756942
PTPRU,0.0021200325131230783
GIGYF2,0.0021078104511689164
RIN3,0.0021061415767908327
LAMB3,0.0021055491617829603
STK32B,0.002104891559270868
E2F7,0.002078464019505191
XBP1,0.002077397555269272
FBXW11,0.0020746362514003068
PDGFB,0.0020610034178680505
KAT6B,0.00204737901102272
PIK3CD,0.0020310031537810573
NHLRC3,0.0020291437073411203
PAF1,0.002029100646273946
PPARA,0.0020271606013213418
CCNT2,0.0020255729163893644
ADAM19,0.002024984048708575
ZNF688,0.002021444682442735
COL9A3,0.0020104576538419678
HHAT,0.001991157410437154
ZDHHC17,0.0019882082048302435
FOXO1,0.0019831926081387793
COL1A1,0.0019735481618722225
ZNF784,0.0019637376348109682
ZNF142,0.001947972340567503
IL18R1,0.0019344654599117348
UHRF1,0.0019339822248148268
AHCYL1,0.0019313735924952197
ACTL6A,0.0019308718509128083
ETV3,0.0019266432412987343
E2F8,0.0019184875674254727
HOXA1,0.0019182469531806418
TSHZ2,0.0019176361547501096
SUPT6H,0.0019167540348134933
DDX20,0.0019160097863641567
ADAMTS1,0.001913718553689023
COL14A1,0.0019073824039011244
CEBPZ,0.0019034289764531423
ZNF669,0.001894100348217762
MMP21,0.0018917065366840689
ZKSCAN1,0.0018550832527290302
ZNF510,0.0018541898657276762
RRAGC,0.001835938567531798
ILK,0.0018332527357997606
ZBTB21,0.001816345702871331
ZNF225,0.0018108888312999625
ZNF24,0.0017951264490257018
RNF43,0.0017912910039131588
EBF3,0.0017840328006695928
DVL3,0.0017753037013763383
ZNF493,0.0017727593288448668
MDM4,0.001772421726640914
PATZ1,0.0017621328944033934
PHF2,0.0017470835173517118
MEIS3,0.001746362622579909
CREB1,0.0017355528024636442
ZBTB40,0.0017344279792014276
SCNM1,0.0017309375620575339
HIVEP1,0.0017261805779999122
LPIN3,0.001723983858468273
ATR,0.0017160991144528452
ZNF671,0.0017119770024983153
KHDRBS1,0.0017022602011420532
POLR2B,0.0016863260123500367
PTK7,0.0016761723345270524
DKC1,0.0016752884243943526
ZNF497,0.0016708548428978247
ZNF197,0.0016694609445985407
SRSF1,0.001665204373843153
INTS12,0.0016517204376170866
ZNF281,0.0016513797284207214
RPS27A,0.0016442907317680458
PPP1R8,0.0016427789673689403
ZBED6,0.001634269232963561
KAT8,0.0016323714766607366
KDM5A,0.0016274325039994436
NFIL3,0.0016235560945642648
PCGF6,0.0016216078732613822
COL6A3,0.0016184084833543062
ZBTB24,0.0016170961138122948
KMT5C,0.0016168946390409359
HIRA,0.0016165019498948822
RAMP2,0.0016152446258744816
E2F4,0.0016058162167655041
TLE4,0.00160143630555649
ZNF763,0.0015940356292994692
ZNF19,0.0015878333604050568
ZNF324B,0.0015866994210227857
GAPDH,0.0015789363594655584
PRPF40A,0.0015764823194695055
SHOX2,0.0015712696702909596
LRRK1,0.0015691863796891995
HTRA1,0.0015672885332558622
ZPR1,0.0015520425583017642
TAF13,0.0015470730222368729
MTMR2,0.0015422335906408761
EED,0.0015379977727045854
NR4A1,0.0015366682555456633
RBM15,0.0015237492946253042
PARP14,0.0015228254044545794
POLR2D,0.0015213292924236158
ZNF35,0.0015172463294584305
ZNF764,0.0015108852057164768
CPSF7,0.0015095561372780253
IRF2BP1,0.0015035038381309958
PRDM5,0.0015016031908380682
E2F5,0.0014976073499929044
BOP1,0.0014975436206071321
PAX2,0.0014959288739661077
FEN1,0.0014908622266888792
MKNK2,0.0014904669489976925
FOXC2,0.0014847265160788084
MYBL2,0.0014766156150290044
ZNF423,0.0014741409409507469
POLR2C,0.0014698381824086936
CPSF6,0.0014695761169714388
CREBRF,0.0014669147324736257
CALCOCO1,0.0014664007604495675
WNT5A,0.001465822464167104
GLIS1,0.0014635915397957432
LARP6,0.0014612707571103698
ITGB4,0.0014610052396265586
EXOSC4,0.0014571507282786342
HMGB1,0.0014557243852918872
MMP28,0.0014515258676015036
E2F2,0.0014506180757161927
EIF3B,0.0014439896994826995
ZNF324,0.0014432313937255401
NCOA1,0.0014421528083207705
MAP3K6,0.0014354751802275133
TAF4,0.0014337833754325402
MBD3,0.001431185393361375
ARNT2,0.0014304326775113054
STAT6,0.001426582044658346
ABL1,0.0014241143012477552
RCOR2,0.0014209483735162394
HNRNPH2,0.0014043622075773073
LAMA5,0.0014038079517268757
PPARGC1B,0.0014010118314690771
JUND,0.001400048320418108
ENY2,0.0013937247087106356
ATAD2B,0.0013915301498003386
POLA1,0.0013867922516801628
ZNF319,0.0013789553180831716
ZNF451,0.0013754346299756435
FAP,0.0013744061211173743
RECQL4,0.0013701945370776228
HDGF,0.0013694255957871348
BCL2,0.0013645124238475521
PQBP1,0.0013605202981416369
HTATSF1,0.0013592182887296076
FOXM1,0.0013520536444702885
ZNF136,0.0013519772082727286
CX3CR1,0.0013466218144790219
CFLAR,0.0013450481706923938
GMEB1,0.0013426320630678674
RBL2,0.0013402326378927683
PHC2,0.0013306369632051654
KDM2B,0.001327418883302016
ZNF667,0.0013272327909544402
PHAX,0.0013262070130731444
FOXP3,0.001324653372175817
FBXO8,0.0013208479131500894
IRX2,0.0013187737508778808
POLE3,0.001316602824634174
PPP3R1,0.0013120700939231256
TCEAL1,0.0013101071010890308
LRP1,0.0013089610605466076
IRAK4,0.0013088348907607495
NFKBIB,0.0013032497573549334
STAT2,0.0013004643080932396
FOXL1,0.0012960646099018048
BHLHE40,0.0012928394252207875
NKX2-5,0.0012923914350110853
PAK3,0.0012914273264004804
BACH2,0.0012902617200670646
HEYL,0.0012892623421139433
AMFR,0.0012834155168873877
PRDM15,0.0012810997379710898
ACVR2A,0.0012799724286887795
COL4A5,0.00127600422416303
TCF20,0.0012759107558545113
ZNF280A,0.0012750027139639998
RARA,0.00127041117492098
ICAM1,0.0012669784954710225
PRPF40B,0.0012584051718697537
TOX,0.001252828940327163
SLC26A9,0.0012518302262608358
IKZF4,0.001249603188909532
EPHB1,0.001249456293247931
PES1,0.0012465121315253782
COL5A2,0.001245496565397616
ZKSCAN2,0.0012437997330052896
ZNF395,0.0012397374203210348
NRK,0.0012389096152806047
POLR2L,0.0012383276653812345
MIA,0.0012379773484637734
EFEMP2,0.0012342672971772117
FUBP3,0.0012330182538243264
MBNL1,0.0012294654436736893
TET3,0.0012226621265722314
HIC2,0.0012196390991375664
RPS6KA3,0.001218326261234779
FBP1,0.0012177239031479132
RNF19B,0.001216938808480336
ZBTB42,0.0012167527908313787
COL9A1,0.0012152508605396406
ZFP64,0.0012118055901737534
NRL,0.0012073159884967027
SRMS,0.0012036279282560828
ZNF561,0.0012030093120120001
RBM23,0.0011981007145142257
CDK16,0.00119775225039848
PRDM6,0.0011960792396366743
ANXA3,0.00119432221976182
PPARD,0.0011941834379831562
PHC3,0.0011895294040425598
NFKB2,0.001188234998710179
BNC2,0.0011857124113960253
ERBB4,0.0011838313128633756
SART1,0.0011829467580986553
FOXQ1,0.001182189839266357
CREB3L1,0.0011772101278682144
PRDM1,0.0011766684500107657
FBXL8,0.0011750502844074377
KLHL12,0.0011734765542259994
ZNF202,0.0011711354913568357
ZNF586,0.0011686828099391278
QKI,0.0011592036426654887
CNOT8,0.0011585115720641852
ZNF79,0.001155884283973137
SLTM,0.0011537598412978696
ILF2,0.0011531993576419381
ZHX3,0.001151059590985824
OVOL2,0.0011500070369719318
CREB3L2,0.0011469156850143919
EIF4G1,0.0011451659322119668
MAGOH,0.0011401458449434036
ZNF251,0.0011391006612175261
AVPR2,0.00113443652944261
ZNF311,0.0011250340412079824
DAZAP1,0.0011191962857192267
SETDB1,0.0011188554767568347
CGGBP1,0.0011149132160026055
ZNF212,0.0011148735809329083
GATA6,0.0011143928569872514
SERPINH1,0.0011132181324620093
ZFPM2,0.0011120065803188481
ZBTB45,0.001110296618335269
LINC01315,0.0011092371995227949
KLF4,0.0011012132274397573
ZNF146,0.001101088266375882
ANK2,0.0010971343056880869
DMRTA2,0.0010937897716539738
ZNF160,0.0010937662745454874
GMEB2,0.0010927168215785058
IGF1,0.001090721874356177
TADA2B,0.0010902900748915273
ZXDA,0.0010885464685343321
KIN,0.001088048244061099
POLD1,0.0010873484094991001
ITGA3,0.0010833455250013912
FBXO11,0.0010812340262746148
EIF5A,0.0010799783088135376
RB1,0.0010777489977524936
NOD1,0.001076004107206245
IKBKE,0.0010737671761582844
TMF1,0.0010735424725353368
KMT2D,0.0010695107564085333
PIDD1,0.0010659061414755228
SETD3,0.0010619332814021617
RFX2,0.0010595417050644756
DNMT3B,0.001057137590010825
ZNF75D,0.0010549314974996377
CNOT6L,0.0010506155152700813
RNF215,0.0010460928130996763
HR,0.001045391709517503
CANT1,0.001044835124512531
CXCL8,0.0010441839702318419
LSM2,0.0010438822366468869
ZNF496,0.0010413953634924836
ZDHHC1,0.0010399136610970742
CD86,0.0010392990918044235
BIRC5,0.0010375942232421949
ZNF84,0.0010344735431826848
BATF3,0.0010322896702200522
PKN2,0.0010285708940427868
SOX13,0.0010260927445558004
HOXA10,0.001023901797532538
ZC3H10,0.001023426282525179
ST18,0.0010226916455721947
GEMIN8,0.0010201021199415976
ETV3L,0.001019255950150523
ZNF267,0.001018216393759758
HNRNPD,0.0010127304693462518
POU4F1,0.0010117059081916294
ZSCAN30,0.0010114126903863507
DNMT3A,0.0010038174101215987
CD46,0.0009990525329803574
TGIF2,0.000992666390739437
KLF9,0.000992631165194892
PAX9,0.0009891942832755708
PRKCA,0.000985184999895864
GPBP1,0.0009841192288236014
VEZF1,0.000980842167758965
ITGB2,0.0009750988951134225
EHMT1,0.0009743128490250043
PKP1,0.0009665079490872834
ZDHHC20,0.0009662860965069058
TNFSF13,0.0009643964227143442
TBRG4,0.0009634117940731813
COL4A1,0.0009618463920813838
ZNF787,0.0009557149363681674
WDHD1,0.0009529452990391291
ZNF678,0.0009504045926223626
ONECUT2,0.0009497272818916827
ZSCAN29,0.0009446298419716186
NRBP1,0.0009420650586562261
CNOT1,0.0009404730133168754
NR2E3,0.0009391746145915364
RLF,0.0009383987754210494
A2M,0.0009375713434674254
ZBTB5,0.0009332874245155836
ZNF707,0.0009331337812109268
PECAM1,0.0009326436374103651
DMRTA1,0.0009276082260766998
ELAVL1,0.0009273540635876998
PTBP2,0.0009232825032595429
RFX7,0.0009232523275059066
NR5A2,0.0009221801505918848
RBPMS,0.0009190656129499644
AEBP2,0.0009185301520556095
ZNF750,0.0009146550631093575
ALX1,0.0009139071966892515
ZBTB22,0.0009097074135388538
PABPN1,0.0009094286641200143
ZNF844,0.0009090172890746544
ZNF507,0.0009079647220860352
TOX3,0.0009077816721222974
HINFP,0.0009069472026167205
MZF1,0.0009051076928344628
ZFAT,0.0009047311065005488
LINC00472,0.0009023242648230508
C4B,0.0009022996560906903
EBF2,0.0009020092114915315
RBM22,0.0009015230730256008
TFEB,0.0008972950800671241
EIF2S2,0.0008930939369281932
ATF3,0.0008923654513195345
IFNGR1,0.0008901344996551188
HEY2,0.0008887487169267843
FOXP1,0.0008878159754084152
MLLT10,0.000887079443771654
IRX3,0.0008854878747239924
TP73,0.0008839726254955167
ZNF596,0.0008836329227415263
CDKN2AIP,0.0008830490503779345
TCF19,0.0008797904995299177
ZNF276,0.0008792795190743251
ZNF483,0.0008790509091177228
GABPA,0.0008773427606356564
SLFN11,0.0008768393795908196
PCGF3,0.0008767571287967542
TMEM147-AS1,0.0008729246408183826
CASP2,0.0008729113213851178
NFIA,0.000872436623340036
BATF,0.0008720062152668426
ZNF224,0.0008683242095738493
HOXB8,0.0008657236118067431
ZDHHC18,0.0008657130566671185
ZBTB4,0.0008625625902903948
ZBTB7A,0.0008610523005659161
C1QTNF1,0.0008603263261354073
ZNF623,0.0008574455988637056
HMGN3,0.0008556129305582232
ZNF234,0.0008552885914250509
PKNOX2,0.0008551970078265185
BRWD1,0.0008501909891401738
SF3B2,0.0008492697353205756
ZNF174,0.000846459979788051
ZFP91,0.0008425383703265385
HTRA3,0.0008386413543739763
ZNF165,0.0008374237948737572
CASP1,0.0008365702802305961
RNF220,0.0008314021009445582
ITGA1,0.0008265328965644586
FIP1L1,0.0008260350924974773
CDC42BPG,0.0008254635136727302
TCOF1,0.000821964694153543
KDM1A,0.0008211138467110644
MMP1,0.0008207650633889898
IGFBP6,0.0008193649517210134
DLX6-AS1,0.000817722266518615
RECQL,0.0008148764413163007
DDX21,0.0008145186400054243
TBX6,0.0008080027994692501
ZNF768,0.0008025484359006896
RNF8,0.0008024228680551459
DOT1L,0.0008021389128480223
TAF6,0.000801810492610457
FGF1,0.0007966651669084968
MYC,0.0007965438294200737
SAMHD1,0.000793539114855406
CILP,0.0007875696769242495
HIC1,0.0007862571820508037
ZNF654,0.0007851767068314075
HMGB2,0.0007818123762161307
ZNF846,0.0007766059582463641
LILRB1,0.0007757495829791879
ZNF124,0.0007747735897645285
MAPK1,0.000773685305066465
ZNF280B,0.0007735160337178968
PHF20,0.0007729927467553352
POLG,0.0007725421506183921
IRF8,0.0007723146632415592
ZNF703,0.0007683812288787806
ZNF740,0.0007679308278711688
SMAD4,0.0007678771824505474
SP2,0.0007673958906088956
MSX1,0.0007672080094766897
MTA3,0.0007671190151405654
BTF3,0.000765790791617265
NFE2L3,0.0007651164736234932
RBBP5,0.0007647180984367879
ZNF263,0.0007604172997221212
ZEB1,0.0007564425223971938
ZKSCAN8,0.0007543983640171063
MATN1,0.0007529521818990333
SGF29,0.0007524171521073981
SFPQ,0.0007523449341574632
ZBTB12,0.0007520399429195095
EBF1,0.0007520323557208038
NR1I3,0.0007494126886867889
CRTC2,0.0007470056828824454
HOXA6,0.0007468277359876084
HDAC6,0.0007464496255634003
MAP4K4,0.0007421755748711974
KCTD13,0.0007418761257855402
PKD1,0.0007400882821130779
ZBTB10,0.0007387751080609633
ETV1,0.0007386717546799559
SRF,0.0007352803180785941
CELF1,0.0007311016294152069
SFN,0.0007272992665617651
ELF2,0.0007265562742104521
TBX19,0.0007260215754287707
MTERF3,0.0007259739889295815
PRKD1,0.0007237745438069396
PRMT2,0.0007154109805431368
NPM1,0.0007130117309142747
SNRPD1,0.0007120411977959016
SP110,0.0007117182609727024
ZNF467,0.0007110305235819396
ZNF695,0.0007106633954099379
ZFP14,0.0007098981331801041
ADAMTS13,0.0007087486651766851
HOXA9,0.000706732772399846
EPHA2,0.000705671934336749
ITGA7,0.0007053043805863126
ZNF215,0.0007050198050624204
MXD3,0.000700743140616396
TCF12,0.000694829366686463
E2F1,0.0006946620183771301
PRPF38A,0.000689870790214627
ENG,0.0006897520758019482
SMARCA4,0.000686524358616385
SRPK1,0.0006865075657659503
ZNF304,0.0006863495439029066
AASS,0.0006858543842067775
AGO3,0.000683536037839545
SOX15,0.0006823762573148997
OTUD7A,0.0006811008620508688
RPF2,0.0006772133373865472
PSMB9,0.0006765731929190722
ZXDC,0.000674342931710271
ZNF473,0.0006733909113972914
NFE4,0.0006725093156492222
ETV4,0.0006719403019997889
HSPG2,0.0006717203675830206
LEF1,0.0006693752595710975
PBX1,0.0006678832990259958
MAP3K14,0.0006662036384113889
DXO,0.0006657819109393373
LINC00940,0.000665540011392072
DNM2,0.0006627669862973562
ZNF835,0.0006596099489870539
SOX17,0.0006594689341618504
EHMT2,0.0006576914649303945
BAX,0.0006556149896298749
TIE1,0.0006544421670587326
TFDP3,0.0006531902599659744
USF1,0.0006523906612397923
ZFP2,0.0006514435664030316
GCM1,0.0006514225454055591
TCF7L1,0.000650622409803999
HGF,0.0006479937096182766
TBX15,0.000646898209612118
PHF5A,0.0006457528914938849
SMYD3,0.0006443685902940057
PCGF1,0.0006427486695513131
SMAD3,0.0006415927434240913
SNRPG,0.0006414841845840246
MYSM1,0.000636883990118804
HCLS1,0.0006357886102555312
ZNF18,0.000632805357407051
DNMT1,0.0006319684756738156
CHD2,0.0006304646209428029
STK4,0.0006296641401277157
ZFP36L1,0.0006291587887745892
ZBTB47,0.0006289400469468092
RBM17,0.0006288184094123548
MAPK11,0.0006283678602139844
TEAD3,0.000628344669679592
NFATC1,0.0006271604928442685
RFX5,0.0006263124739634804
MAPK7,0.000625175302531142
EFTUD2,0.0006233048718181067
ZNF232,0.0006223541608451342
TRAF5,0.0006189532530660529
RNF20,0.0006189250990667006
DDX1,0.000618792225170182
SF3B6,0.0006177441740956268
PRRX2,0.000610898124112282
AFF1,0.0006107404718541147
LGR6,0.0006097319626369427
TADA3,0.0006060136143769075
FOXK2,0.0006043590722201771
MAP3K11,0.0006031031220111345
ZNF676,0.0006027143002267921
ZBTB25,0.0006021600388699823
ZNF711,0.0006004927889953251
ASH2L,0.0005986607067000875
IGF2BP1,0.0005971138720962475
ZBTB1,0.0005926496440406481
RNF166,0.0005920349169332973
NR0B1,0.0005907899409976381
ZNF74,0.0005895755697492859
IRX5,0.0005889339654243173
RNF25,0.000588812238455489
ATRIP,0.0005884308787535702
ZNF189,0.0005883975283213659
OTX1,0.0005875752748342218
TBPL1,0.0005849713724431922
MIF4GD,0.0005822832047654317
SIM2,0.000580549488956458
TCERG1,0.0005802077054995607
MALAT1,0.0005779584499978228
MTF2,0.0005776207862254524
DR1,0.000577523787620521
PCBP2,0.0005757412976015387
BRD4,0.0005740458455111366
GRHL1,0.0005737866163809697
FMR1,0.0005735498579278158
MAP2K1,0.0005726360583262249
UTP15,0.0005725208441895119
XPO1,0.0005715183366064593
DHX9,0.0005702576151434186
RNF185,0.0005701277356379535
FBXW7,0.0005694387994143711
NFIC,0.0005679544005889169
PDPK1,0.0005675414550296409
HEATR1,0.0005643263148939894
BMP4,0.0005620913704444455
RBMS3,0.0005599715945891965
ICAM5,0.0005572550222659629
ATF5,0.0005567161069386941
LSM14A,0.0005545483511320981
NFATC3,0.000552908914769887
FOXP4,0.0005527086870500532
RPS15,0.0005518210116856536
BATF2,0.000550824776513764
CDK20,0.0005476381772903096
KANSL1,0.0005458433462161167
GCFC2,0.0005443213826947613
EIF4E2,0.0005438670360999821
EN1,0.0005433869299858998
MAFG,0.0005427134560344342
TP53,0.000541651447687058
BAZ2A,0.0005414253246253793
DCAF11,0.0005403298498658842
FOXN1,0.0005374481635226402
NONO,0.0005300847855404527
PABPC3,0.0005276985406562744
DEK,0.0005263444738228351
ZNF728,0.0005260437994102259
MECP2,0.0005257081104629435
NFYA,0.0005256625890651776
USP39,0.0005255080319439003
ZNF782,0.0005244980439601931
ARID4A,0.0005229943106724022
HES1,0.0005213938739669857
NGFR,0.0005192182952174563
BMPR2,0.0005164199673029088
DDIT3,0.0005161839746951298
ZNF48,0.000516130304804392
PAX6,0.0005142274954817481
ZBTB26,0.0005134922519428073
ZNF574,0.000512875457170594
MEIS2,0.0005128502798141276
ADAMTS9,0.0005116742437794528
ZMIZ1,0.0005109592630568472
ZNF484,0.0005101674547931907
FER,0.000509260637441912
ZZZ3,0.0005064006843422248
ZSCAN32,0.0005058995125109504
POMC,0.0005027878264875199
ATAT1,0.0005018317452156893
RBPJ,0.000500084190578491
FOXJ3,0.0004998446383942792
ZNF429,0.0004984555879391337
MMP17,0.0004973744324892664
RFXAP,0.0004973403905823943
MAEA,0.0004965854398269584
MBD4,0.0004953682778777876
PSMA7,0.0004952394931243678
NFIX,0.0004926831016815738
CTSL,0.0004901814019778783
RFX8,0.0004898467780767533
IGF2BP2,0.0004878126394934839
CIAO1,0.0004869183616156079
COPS5,0.00048602941844093903
SAMD4B,0.0004835001013943838
ADGRA2,0.0004828441642357575
TBR1,0.00048197423914825776
S100A4,0.0004819291126561183
FGFR4,0.0004809921824830781
GBX2,0.000477044840088638
RC3H2,0.00047606410543193077
KLF1,0.0004752793765037495
ZSCAN25,0.0004744198426087678
SP6,0.0004739141049029385
E2F6,0.0004737247515030276
OSR2,0.00046975689833561775
GLYR1,0.0004691771221023373
FOXJ1,0.00046653103495918914
FIRRE,0.00046609111121917305
CALR,0.00046535192929308435
ATF4,0.00046276003001219834
ZNF697,0.00046186683573250773
ZBTB48,0.0004618303757033573
ZNF488,0.0004615722405258893
CTNND2,0.00046108867567016176
ACVRL1,0.00046045148662960853
STAT5B,0.00045540834761393967
GEMIN7,0.0004543395536430239
APBB1,0.00045167173033951256
ETV5,0.00044993716417342
HMBOX1,0.00044919810148775954
MTA2,0.00044847619841218746
HEXIM2,0.0004457260604393278
HNRNPUL1,0.00044530872391442244
SRSF10,0.0004429680016328348
ENDOV,0.00044126015664101235
PURB,0.0004379629283739633
ZNF446,0.0004374867709438135
ETV2,0.00043377235300795297
ZBTB41,0.0004327927876691149
PRPF39,0.0004317985693417548
TPR,0.0004307314106667946
HOXD13,0.00043008259871567137
ZDHHC5,0.0004289260736016196
ZDHHC11,0.00042806360984170053
MUL1,0.00042590038890013204
ZNF546,0.00042569425635338124
MKX,0.000422225544194589
ATMIN,0.00042007232662945174
NCK2,0.0004197358236969393
EMX1,0.0004159336673303358
NKX2-3,0.0004154593648854643
COL3A1,0.0004154486990997981
HSPD1,0.0004152970812098413
YAP1,0.0004151490592848859
SNRPF,0.00041494884140021784
GATA2,0.000412751774177341
ZBTB14,0.0004121959264775796
ZNF575,0.00041192377856168606
FUBP1,0.0004112156190512905
ZNF398,0.00041013816029771986
HNRNPM,0.00040611875122544916
SLC2A4RG,0.0004042619136726841
RBM5,0.00040379903416894614
CREB5,0.0004020561981077613
LUC7L,0.00040124147310121574
PML,0.00040029096797039186
RNF150,0.0003996553490542283
FOXN3,0.00039866276211068905
LAMC3,0.00039755782749125503
NUDT21,0.0003974923360046887
TLR3,0.00039589874385637813
EIF6,0.00039509892003707135
HOXB6,0.0003937784150069632
ZFHX2,0.00039336572353477095
LYL1,0.00039297162947877953
RXRB,0.0003926264214951516
FOXK1,0.0003925014435859833
ZNF526,0.000391786431944638
ZNF598,0.000391627306641265
RELA,0.0003912799964436999
CWC22,0.0003879601784683473
ZNF783,0.00038681399451888864
RREB1,0.00038665067949190756
ZNF131,0.00038653195851111376
USP10,0.0003856019997001567
RELB,0.000385153877385882
IFITM3,0.00038481885354423896
PCGF2,0.00038428359390219177
PTN,0.0003841650009414046
MAP3K3,0.00038183722534267876
PSMA5,0.0003817523755524377
DHX16,0.0003808277900809571
ZNF248,0.0003803222496837861
CAMTA1,0.0003783603105385782
HEXIM1,0.00037716665336046877
ZNF410,0.00037619332155736627
ZFAND6,0.0003752219709221478
COL7A1,0.0003749371804350688
BUD31,0.0003748894542916901
GPBP1L1,0.0003745248689665459
VPS72,0.00037328208868355264
CTBP2,0.00037188294270301366
ZNF691,0.0003710726500539749
PPP1R9B,0.00037046535998342734
RMND5B,0.00037042191926091306
ANKK1,0.000369227140534349
CCNH,0.000368893468824556
DACH2,0.0003686456084922298
NUDT16L1,0.00036807274531693414
ZFPL1,0.00036720969639384294
SF3A1,0.00036671810550978985
ZNF668,0.00036584503760741426
CHERP,0.00036314677526434026
ZNF689,0.0003617515474870743
ZNF296,0.00035769624109022625
WDR6,0.0003539972192093774
ADAMTS10,0.0003535029143149586
CHFR,0.0003534560493935714
KLF13,0.00035144749739652074
TBX2,0.0003509325553623057
NUDT6,0.00035071396287114
HMG20B,0.0003484685548507451
ILF3,0.00034730987793162347
GDF5,0.0003445190664032154
ATF1,0.00034394591591080826
MYNN,0.0003429495857653819
FBXL12,0.0003426679708683196
ELK4,0.00034228240113043287
CUL3,0.0003405756800472943
ZNF300,0.00033612766225451195
ZNF672,0.00033492243739419793
TDG,0.0003348525137553224
GAS6,0.00033185534837575407
GRHL3,0.0003311497571885411
FGF19,0.0003308561143639963
LARP7,0.0003307317007475348
HMGA2,0.0003293046623055443
KHSRP,0.00032850015690200963
RBM39,0.00032837050516064533
ZNF664,0.00032732786766246133
RNF144B,0.000326945965760963
CCDC183-AS1,0.0003266755235526944
ZNF333,0.00032666841473110255
HNRNPA3,0.00032528941720519453
MIR3142HG,0.00032525042431916516
ZBTB49,0.0003244262997413898
SCAF11,0.00032381369668837577
HOXB13,0.0003221339314077341
ZFP92,0.0003204657572987344
CPSF4L,0.00032001201830792066
GATAD1,0.00031747661416687477
HOXB4,0.0003157366964955486
ZDHHC13,0.00031550681441530767
TLX1,0.00031335663334049
IKZF3,0.00031264700847670923
DHX58,0.00031133540944028933
CSTF1,0.00031007904105490524
GFI1,0.0003092322325777843
ZC3H14,0.0003090233642299154
FOXI3,0.00030830830736267245
LAMA4,0.0003078589651184984
PBX2,0.00030585289257305704
MMP2,0.0003057129623645949
EIF4H,0.0003047476996468746
SIRT7,0.00030333284601510965
KLF16,0.0003030984693032224
RNF40,0.0003023567826821818
KAT5,0.0003004373569437746
PTTG1,0.00029945332519588333
ZNF646,0.00029894530869387385
HOPX,0.0002979321841662568
PRKCB,0.0002957342337295756
PRPF3,0.00029476181414171877
NRF1,0.0002943757605989958
TRIM26,0.0002937372380734795
ZNF169,0.00029363247804303685
HCFC1,0.00029300930827653814
MGA,0.0002914299814201513
HDAC7,0.0002911750481296081
TOX4,0.00029058879087847343
ZNF391,0.0002902073414461484
LSM6,0.0002895253148846422
MFAP1,0.00028848865023542203
DIS3L2,0.00028734717083412243
ZDHHC9,0.0002872342127401453
ZNF354A,0.00028505601507640676
CD2BP2,0.0002847944036154786
RORB,0.00028462613681230135
RBM24,0.0002844936817908348
ZNF771,0.00028365317473470243
DLX4,0.0002830217552438974
RFXANK,0.0002803448428026059
TOLLIP,0.00028032000528689595
TSHZ3,0.0002789687167278316
OVOL1,0.0002781268191947568
LOXL2,0.00027799884213837347
ZMIZ2,0.00027717313541340973
KDM5C,0.00027702440414532247
ARID4B,0.0002757059243162985
TEAD2,0.0002749298090148198
SAP18,0.00027449136033303747
JAZF1,0.0002738342455633927
ZFAND2B,0.00027345406725069667
PATL2,0.00027286072049241387
POLDIP3,0.00027130009717848226
PPP2CA,0.00026992595185731716
ASCL5,0.0002679594059618466
PITX1,0.0002674405595466851
RNF4,0.0002670282093358764
ZNF91,0.00026595005461906495
DPY30,0.0002641710086475797
PLSCR1,0.000263882210142107
ZBTB9,0.00026341673918068404
GATA2-AS1,0.0002628913047322143
ZNF608,0.00026111393030168984
ZNF599,0.0002605480458861251
GSPT1,0.00026047455270247614
ZBTB7C,0.0002604157378511842
MSH6,0.0002573380493145123
MUS81,0.00025725750217884527
ZRSR2,0.00025652027588662744
KMT2E,0.00025527742429085266
XRCC6,0.00025474768888011565
ERBB2,0.0002511638109126115
TFAP4,0.00024976776212088227
SUV39H2,0.0002485239234544849
MAK,0.0002478521699522389
EDF1,0.0002462945654316968
ZNF629,0.0002461777521220938
RNF113A,0.0002452462654612049
HNRNPL,0.00024401676203069655
PSMC6,0.00024393614440259626
NR2F1,0.00024313675903487567
PSMB7,0.0002414804183145165
PUF60,0.00023977828071054574
OPTN,0.00023957731812779672
OPN1SW,0.00023941452337385272
ANXA7,0.00023861339073010158
SOHLH1,0.00023694091382276382
TWIST2,0.00023645283892507508
ITGA9,0.00023608090583911688
HNRNPR,0.00023562121578470397
NUDT16,0.0002354728463074025
FOXD4L4,0.00023540668813620868
ZNF667-AS1,0.00023487642748909823
HYAL2,0.00023478173665612267
MMP19,0.00023424577548870573
REPIN1,0.00023419366306241682
KLHL20,0.00023225558009295355
FOXL2,0.00023217784860567192
ZNF28,0.00023192954273599755
EDN1,0.00023175586596341802
NHLH1,0.0002317332610791709
IKZF1,0.0002303417846924276
DLX2,0.000227857815563673
C9orf163,0.00022639273162894824
JRK,0.00022556768330377964
LTF,0.00022522313838021547
EPAS1,0.00022440227519834367
GLI2,0.00022338025040517096
DLG4,0.0002224464968103348
MLLT6,0.0002216697133528207
ZNF7,0.00022130661312678513
ZNF362,0.00022059443244465093
ASCL2,0.0002193930062912841
ZNF358,0.00021807704178900168
FBXL15,0.00021671731419341
BCL3,0.00021611808012815547
DPF2,0.00021544798444938352
CSK,0.0002152843342877837
ATF2,0.0002134470696155404
EIF2A,0.00021295427529173592
PSMA4,0.000212939882958608
RAN,0.0002126167149609932
NSUN5,0.00021154031388505247
ISL2,0.00021070949310205832
LIF,0.00020949232661041605
COLQ,0.00020931296918233374
USP30-AS1,0.0002092186926638533
INO80,0.00020895865492563816
GLI1,0.0002071438812017874
ZBTB46,0.00020712073243157647
VCAN,0.00020602702587291688
PEG3,0.00020437054816876098
DDR1,0.00020303898330335546
ZFP36,0.00020083619100146023
TERF2,0.0001997273359436349
ZMAT2,0.00019886521846521532
GZF1,0.0001986134192538884
POLR2E,0.00019855403040906815
CSRNP1,0.0001984630959642004
ZNF121,0.0001983321289935489
ANGPTL7,0.0001970244632066169
IRF5,0.00019695443637283462
PTGES3,0.00019644427446922008
FBXL19,0.00019483885732910267
RBFOX3,0.0001946885668558025
ZNF81,0.0001938096263411353
TYK2,0.00019259082314476928
LAMA1,0.00019228695652191165
SP100,0.00019204416594925355
ABHD14B,0.0001920261377154464
KLK5,0.00019115702860971002
KDM2A,0.00019007986932592758
SCML4,0.00018871847634727601
CLK3,0.00018758947932872517
TAF1B,0.00018746937141168017
ASH1L,0.0001867328000503221
ZNF133,0.00018667197381546432
BCL2L1,0.00018625313929991817
BRPF1,0.00018600035668441708
VIM,0.0001849082283755763
BBX,0.0001845752501608331
NR1I2,0.00018349961321064258
PRDX3,0.00018242207555991906
NR2F2,0.00018093645362226597
REXO4,0.00018077588119575204
THAP11,0.00017941816789629461
SMPD1,0.00017936359602413533
MC1R,0.0001790148148572115
ZNF662,0.00017852854425655097
TFCP2,0.0001771749890604042
CLK2,0.00017715148739335973
ZNF20,0.00017640437009276867
PHF1,0.00017417265575232223
SCMH1,0.00017347010855370824
ZNF513,0.00017317452752558892
CCNT1,0.00017274255507135193
ERF,0.0001720275772718196
CREBBP,0.00017144200838447432
PRMT1,0.00017104118908636056
ERCC3,0.00017084294822848278
SMARCD3,0.00017061397710295978
CHD1L,0.00017042361198105026
ZFP30,0.000170204182809357
ZSCAN16,0.0001680927127438281
KDM6B,0.00016807361494992
PELP1,0.0001680441967732804
MEOX1,0.0001662628114898119
IKBKB,0.00016599462362255045
ZCCHC8,0.00016588973555652585
ADAM15,0.0001642668968716099
UBA1,0.00016351532692397087
ZNF627,0.00016247112702217237
IL6,0.0001619808328587169
SETD2,0.00016185881845422043
UBE2K,0.0001614491851573803
TFEC,0.00016134953339815185
SIX5,0.00016015274896358277
CAPN2,0.00015928892007125573
HNRNPA2B1,0.00015883628096376135
ESR2,0.0001586564309309324
POU3F2,0.00015843467773993326
ESCO1,0.00015741051094887127
FRG1,0.00015705060557229445
SOX7,0.0001561725508117888
ZNF425,0.0001561011359008262
TGIF1,0.00015484264310716082
FOXD2-AS1,0.00015447134185978938
FANCG,0.00015293577831202397
E4F1,0.00015217729684933844
ZNF814,0.00015137265892382603
SUV39H1,0.00015068206902560632
LINC01614,0.00015030575349555874
POLR2G,0.00014967925943539306
LHX6,0.00014951371357074095
NCL,0.00014934825017783471
ZNF487,0.00014813257075364206
RNF167,0.00014776316132764577
PSMB8,0.00014682506237556582
CEBPA,0.0001465622127880124
RBMS1,0.00014637617091221465
RALY,0.00014613327644596552
HOXA5,0.00014553968613620328
ITGA2B,0.00014533401799189248
PSMD4,0.00014504294183302413
PITX2,0.0001445182987545195
VCP,0.00014386662591935815
ZNF517,0.00014371832403230656
ZNF326,0.0001435297368116153
RNF10,0.00014290030014444711
ZDHHC14,0.0001417298916449985
PRDX5,0.0001409480648619219
REL,0.00014039455796452892
TAOK1,0.0001392625428561587
VRK3,0.00013894828106647593
NOP2,0.0001385792188039545
HOXA-AS3,0.00013783393730099647
STK36,0.00013763180288515288
HNRNPDL,0.00013594609482695685
BMX,0.00013574599306321033
PIP,0.0001355960632879487
ZNF853,0.00013550186062411738
ZNF154,0.00013490049625035906
ZNF808,0.00013468507916786622
ZSCAN5A,0.00013459711691757547
DLL1,0.0001344944714861853
ZNF706,0.00013350568038091027
EDAR,0.0001332060990612547
GATAD2A,0.0001328086342177812
ROS1,0.0001324003151556177
MITF,0.00013184466907841853
TCF7,0.00013177252585001042
MYCL,0.00013118195730930894
SSU72,0.0001296867744183593
TEF,0.00012926773547951596
SF3B5,0.00012925879585147016
PARP15,0.00012916136016565363
SF1,0.00012880234740298313
NPAS2,0.00012849300173484936
VPS9D1-AS1,0.00012785305290469217
ZNF576,0.0001271628194308505
TNIP1,0.0001271278542348
HNRNPA0,0.00012629938086507143
VAX2,0.0001254056833959112
ZFP90,0.00012405969954443208
HES6,0.0001235124829827834
LSM4,0.0001226894792646478
TOX2,0.00012043377129319311
TCF24,0.00012014163369985908
ARID3C,0.00012007765959000949
DPF1,0.00011936605447903758
ZFHX4,0.00011923252532889349
ZFAND2A,0.00011879976685847238
GTF3A,0.00011786568685785782
CDK4,0.0001173271011651744
TSC22D1,0.0001172603412348705
ZNF354B,0.0001166835744816126
ZNF350-AS1,0.00011596872514144252
MTERF1,0.00011584376923467942
NR3C2,0.00011312560567284891
HOXA11,0.0001130829580970385
SIX1,0.00011296425845898738
ZNF503,0.00011260956038361769
ITGAV,0.00011234200274969997
TCFL5,0.00011118633558817237
ZNF770,0.00011116357293030887
PPM1F,0.00011075589986876366
VENTX,0.00010988590174383716
HOXC4,0.00010955706595768789
RNF6,0.00010817715237837434
RBCK1,0.0001081243946512167
DMRT2,0.00010789694116874671
NR2C1,0.00010784550786320323
SRSF4,0.00010744246099577738
UBA52,0.00010672031436199613
ZBTB8B,0.00010632755981373375
ATXN1,0.00010627606102480058
ZNF347,0.00010525541046717989
HLA-DQB1-AS1,0.00010506960042812351
SGK2,0.0001050603708295057
ATF6,0.0001047272845523821
PAX5,0.00010472503082110051
ZNF280D,0.00010408193183657709
GLMP,0.00010394716536255188
ADAM12,0.0001034327497140275
SAFB,0.00010245433822933592
THAP3,0.0001022310684115837
ZNF562,0.00010202716905951092
GTF2F2,0.00010184302586401727
SMARCAD1,0.00010133782459990925
SLU7,0.00010121043305321109
ZNF580,9.946382521741981e-05
ZNF660,9.927993489009169e-05
MAST1,9.925331860736142e-05
LINC00968,9.847244871116344e-05
HSF1,9.828487940024999e-05
MEIS1,9.697531366514945e-05
L3MBTL1,9.676613569370307e-05
KCNIP3,9.648819640621298e-05
FOXP2,9.629708025659056e-05
TAF7,9.591711796710545e-05
WT1,9.584427398753803e-05
ZNF83,9.457769657112713e-05
CDC5L,9.422894854716901e-05
PA2G4,9.41452883437952e-05
MAP2K7,9.397322361803616e-05
TCF7L2,9.359449496088289e-05
ZNF266,9.28304787862544e-05
TADA2A,9.265846433663683e-05
HUWE1,9.21768203963893e-05
LINC01224,8.956554187670917e-05
LINC01123,8.9514380086257e-05
FOXS1,8.941333763478099e-05
HLF,8.906287993208767e-05
DRAP1,8.873568078383088e-05
ZNF45,8.849878202227046e-05
ZKSCAN5,8.805733436088303e-05
TMPRSS6,8.651663994085723e-05
POU4F3,8.639438957243329e-05
NR4A3,8.61449761278905e-05
LBX2,8.526886880232422e-05
SMAD2,8.523825061763546e-05
RBM25,8.519577148465829e-05
ERCC1,8.445073617332276e-05
TFE3,8.443941079339367e-05
ZBTB43,8.281552440394079e-05
JDP2,8.185800638034379e-05
AKAP8,8.17274919224984e-05
RTEL1,8.17007420396294e-05
SMAD6,8.162783087107073e-05
ZNF280C,8.138596597927971e-05
STAU1,7.92083431344679e-05
IRF3,7.888039634578736e-05
EDN3,7.867566160086882e-05
ZNF584,7.85034155867379e-05
ZSCAN1,7.768891885927509e-05
FOXF1,7.72011951657987e-05
CASC8,7.690701455503456e-05
CDX1,7.61286027013739e-05
KLHL22,7.610274120609972e-05
MORC3,7.562886921501111e-05
NR3C1,7.388715056853458e-05
LHX8,7.379824816530345e-05
SCX,7.33329489648895e-05
LINC01106,7.22734373480307e-05
CDC42BPB,7.214951235187073e-05
TBX2-AS1,7.131752282248272e-05
DHX36,7.099132472671954e-05
COL5A1,6.958192487908121e-05
FOXD1,6.89386563877754e-05
FOXO6,6.802653750219179e-05
STAT4,6.777837413436849e-05
BTG2,6.77236961710097e-05
KCTD6,6.737227682409585e-05
CAPN1,6.702327379059625e-05
ZNF26,6.653680607064417e-05
ZNF317,6.596194939493216e-05
AATK,6.578873149385345e-05
ZNF503-AS2,6.576334071384338e-05
JMJD1C-AS1,6.556165631559451e-05
CD4,6.445631178644362e-05
TGS1,6.414717272707549e-05
TBX10,6.413754203549616e-05
ZDHHC19,6.382167206811574e-05
SUFU,6.372945013981735e-05
CDK9,6.361086162646279e-05
SYNCRIP,6.247242185988976e-05
EN2,6.24372009727594e-05
ZCRB1,6.188906836129787e-05
TARBP2,6.177114090640456e-05
KMT2C,6.15161454770714e-05
HOXA10-AS,6.099136368580105e-05
RBMX,5.995522071032155e-05
ZNF41,5.973030721793293e-05
HNRNPU,5.9626473966921444e-05
ADCY1,5.937765762061798e-05
OSR1,5.9093466087460915e-05
XPA,5.846432011806479e-05
FOXD3,5.8243599214272024e-05
HMGN5,5.814093699862433e-05
MEG3,5.7960504643967626e-05
ZNF852,5.7735032057962596e-05
HESX1,5.766930213349042e-05
PSMA3,5.720478670129836e-05
BPTF,5.696001915930538e-05
IRAK1,5.668259467005754e-05
ZDHHC16,5.604094112695978e-05
IRF1,5.577142323763429e-05
RNF133,5.569203301820381e-05
CLOCK,5.523425547318084e-05
HOXC9,5.514647676164941e-05
DDX17,5.480677984921467e-05
MSANTD1,5.451483035494675e-05
CHD5,5.3608616500241623e-05
ZNHIT3,5.2802390508048804e-05
ZNF334,5.2777343103343804e-05
TAF12,5.182098044068085e-05
DCST1,5.1711959341303344e-05
HOXB7,5.143913527787067e-05
TRADD,5.140261538636485e-05
KCNH2,5.050187343604762e-05
MAML3,5.008379750870517e-05
KLF14,5.0070625604803354e-05
HOXC13,4.9748404782349104e-05
DBR1,4.869894869693781e-05
HOXC5,4.866219841134911e-05
HSF2,4.8254355708650105e-05
HIF3A,4.804760401771446e-05
RIPK4,4.7977457372553545e-05
GABPB1-AS1,4.713868784915576e-05
AHR,4.712289705893236e-05
YY1,4.6834941143011125e-05
STRADA,4.650701610398755e-05
KDM4B,4.617914784997207e-05
SRSF7,4.581165897129058e-05
ZNF23,4.57449864031787e-05
LGALS1,4.573859521579343e-05
UBE2O,4.565041289106375e-05
TNFRSF1B,4.5121034440285256e-05
SMU1,4.4769532463988074e-05
PRDM12,4.4447314419961085e-05
SUPT5H,4.3814255183747266e-05
CBFB,4.374950800796484e-05
ZSCAN21,4.369953147693195e-05
SMO,4.333681903835895e-05
TERF1,4.280213301981295e-05
ZNF805,4.205151295514042e-05
SETD1A,4.2043219029249684e-05
RNMT,4.123535756059482e-05
DAB2IP,4.0363195352483674e-05
EXOC3-AS1,4.016146067209236e-05
ZNF521,3.9463518128995734e-05
SIN3A,3.9221248000423484e-05
PARK7,3.8868499054036887e-05
KMT2A,3.883012764822525e-05
MESP2,3.858145819276615e-05
SYVN1,3.790227385933776e-05
ELK3,3.7448428464465165e-05
RUVBL2,3.730469444072071e-05
UCHL1,3.592194594406184e-05
CBFA2T2,3.587277574212067e-05
SKOR1,3.518760511850516e-05
STUB1,3.4930950201784964e-05
OTUD5,3.335673770908798e-05
PDGFA,3.323438834607906e-05
KLKB1,3.320187022836763e-05
DUSP11,3.310619993237651e-05
MEF2C,3.301617963817295e-05
CAPN3,3.288466448202598e-05
CDK1,3.283484401822534e-05
DLX3,3.282815840624664e-05
MLX,3.2467162028808616e-05
LIN54,3.2463938622718e-05
SRSF5,3.227063770172122e-05
PSMA1,3.2128220246576797e-05
ZNF292,3.156964839467946e-05
ZNF431,3.153836122305354e-05
MCTS1,3.081334743549929e-05
SNIP1,3.0337014383886583e-05
MAPK12,3.032222415274488e-05
HECTD3,3.0142437728457597e-05
INSM1,2.895662648877817e-05
PSMC2,2.7388049729751173e-05
ZFP1,2.7207038318010744e-05
ZIC2,2.7076420979824435e-05
FOXI1,2.699257451724435e-05
MTF1,2.695537071167564e-05
KDM4A,2.682107865321015e-05
MIR34AHG,2.6417629296259015e-05
SPIC,2.6095064703405943e-05
VDR,2.5679724006636208e-05
CSNK1D,2.559295832992964e-05
SYF2,2.5387773499153e-05
ZNF696,2.523080429406832e-05
PPIA,2.5144620001907092e-05
ANKRD1,2.499651936982583e-05
EP300-AS1,2.4830707397541116e-05
POLR2J,2.4768103688060705e-05
TARBP1,2.4588104458665326e-05
ABT1,2.4585253111695238e-05
ZNF34,2.45700893317462e-05
TRIM25,2.4513928473162138e-05
ZNF746,2.4217242626491498e-05
PRDM10,2.4124272649316937e-05
NUDT1,2.404862818962883e-05
TRERF1,2.3926645858186825e-05
STK25,2.3907795306829128e-05
AATF,2.3766696671941645e-05
SAFB2,2.3518565418598315e-05
ZNF394,2.3456246589955487e-05
PLK3,2.340075234419281e-05
GTF2H4,2.339667823631242e-05
MIAT,2.3345358049454036e-05
MYPOP,2.3037066515684047e-05
ZNF789,2.2715568122163797e-05
UBR3,2.2302927705200482e-05
ZBTB33,2.1453465051536112e-05
TRAF2,2.1229272989444326e-05
LIN28A,2.1172395219537066e-05
TRAF6,2.1159011346128408e-05
REST,2.1011437177222093e-05
BISPR,2.0863374995422233e-05
GAL,2.0539718775476778e-05
LCOR,2.0341314414395128e-05
HGS,2.0091357532471932e-05
CEBPD,1.9978153714589554e-05
RPS7,1.9670521718129662e-05
BNC1,1.9496047681190946e-05
ZSCAN18,1.949485268581541e-05
ETV7,1.9412727363108396e-05
KDM3B,1.9368429497077065e-05
EXOSC9,1.9251195382428033e-05
PTPN11,1.9185278883169677e-05
PIAS1,1.9054583443391948e-05
HAND2-AS1,1.8789632124638745e-05
BACH1,1.878365275101146e-05
TSEN2,1.867145144528859e-05
FAM66D,1.827237771070145e-05
POLR2H,1.8265719064534558e-05
ZNF732,1.8249967638747992e-05
FOXH1,1.8198560129082386e-05
PLEC,1.8043068991167146e-05
RUNX2,1.8032438799335137e-05
USP47,1.7773114602846365e-05
TCF25,1.7669438087072556e-05
IRF4,1.742608002200541e-05
ATXN1L,1.7403881812006806e-05
KIT,1.716946443288547e-05
PSMC3,1.7066545348065177e-05
NCOA2,1.7055342448755393e-05
WDR43,1.6930132772316144e-05
CBL,1.6581671020468034e-05
PRDM4,1.6255463788809267e-05
L3MBTL3,1.62190932003341e-05
POU2F1,1.6113551744297182e-05
TNPO1,1.595319309740262e-05
WDR48,1.588508065889438e-05
ZBTB6,1.5778245244177922e-05
UBR4,1.563528370888889e-05
USP8,1.562918162164806e-05
CAB39,1.548604533669362e-05
NSUN3,1.5447219865129646e-05
TRRAP,1.5287793000927864e-05
TRIM28,1.5255288539975708e-05
ETV6,1.5254385565280248e-05
SNRNP200,1.5248138592596662e-05
ZNF397,1.5243050125405055e-05
DENND4A,1.509740698634232e-05
CDKN3,1.5083515242622525e-05
HOXC6,1.5073978154703127e-05
GTF2B,1.4981318550889147e-05
CDC25A,1.4911939547459952e-05
WDR82,1.4817581143461211e-05
ZNF644,1.4770369643080982e-05
SGK1,1.4476705060465779e-05
ZNF445,1.4474136003152171e-05
MRPL44,1.4345288920821985e-05
MYD88,1.4218742811268282e-05
TFIP11,1.4074097436491683e-05
PPP5C,1.3876192414822518e-05
MIER3,1.3792525651979304e-05
TBK1,1.3743802644978765e-05
SMARCD1,1.3717363591948918e-05
BIRC2,1.3692294103321954e-05
ZNF367,1.3691471833226388e-05
GATAD2B,1.3611644394221689e-05
PBX4,1.3597413656387446e-05
WDR33,1.3457932024432685e-05
ZNF845,1.3344782652434884e-05
MAZ,1.3339454056343403e-05
TNFRSF4,1.3282674987408427e-05
ZNF12,1.3267605368675329e-05
RIOK2,1.3247887523221647e-05
MTIF2,1.3226455523550839e-05
TOP2A,1.3163579132651648e-05
SUMO1,1.3122617681315063e-05
BAMBI,1.278098553526874e-05
NFXL1,1.2517557275828039e-05
XRN1,1.2512810278319631e-05
SSRP1,1.2504399054762417e-05
CC2D1B,1.2452051775525774e-05
POFUT1,1.2325908447039068e-05
ZDHHC7,1.2275965954761936e-05
ZNF519,1.2259760264441866e-05
ADNP2,1.2146917517213751e-05
GTF2H1,1.2132384760321634e-05
PTPN23,1.213103251578787e-05
THOC1,1.2104040273145378e-05
XIAP,1.2090525539917961e-05
ZNF709,1.206814292533176e-05
THOC2,1.1958675173048051e-05
DMBX1,1.1916067388122176e-05
POU5F1B,1.1879743893814521e-05
PWP1,1.1829384481018224e-05
BTRC,1.178133158469563e-05
CSNK1G3,1.1761300445274264e-05
SMNDC1,1.1646846680832822e-05
ACTN4,1.1644024411045202e-05
YTHDF1,1.1606261026808174e-05
USP15,1.1568734586774098e-05
ZBED1,1.1537535735527628e-05
UHMK1,1.1393735020078565e-05
FOXO4,1.133202511584841e-05
ACVR1,1.1295780550447888e-05
RBL1,1.1288412721768282e-05
DDX42,1.1179209163799442e-05
SMC3,1.1167414984527112e-05
AXL,1.1161672258230837e-05
PLAGL2,1.1147186062032687e-05
ESRRG,1.104513450985678e-05
ZNF648,1.0992752426715933e-05
ATRX,1.0902128571017231e-05
HOXD10,1.085870842285802e-05
UBE3B,1.084538045358574e-05
TRIM21,1.0762688991576397e-05
HAVCR2,1.0738072915273733e-05
MADCAM1,1.06240298289757e-05
DDX23,1.062310400797728e-05
ZNF282,1.0409810179171086e-05
ZNF776,1.0338771852616447e-05
RNF130,1.0323801820069951e-05
NFE2,1.0281294977129262e-05
SNRPB2,1.0247249158585437e-05
TEAD1,1.0210372974356119e-05
IRF9,1.0156394814387681e-05
ZNF384,1.0046718387343389e-05
ZFP62,1.000088964258339e-05
TRA2B,9.975297797723215e-06
GSTP1,9.953001502776003e-06
UBR5,9.86367822321199e-06
CDK17,9.762332207147856e-06
PRDM2,9.759750920096621e-06
TRIM52,9.67756479477977e-06
ZNF16,9.66423787713211e-06
WDR77,9.630542469437842e-06
GTPBP4,9.60127796771748e-06
YTHDC1,9.535172266680548e-06
TCF23,9.507198971764773e-06
DDR2,9.49059409704267e-06
CSRNP2,9.467703557447748e-06
ZMYND11,9.462259781400918e-06
EP400,9.451521599589993e-06
ZFP57,9.37935478182772e-06
SREBF1,9.372958316415104e-06
CLP1,9.369762156040907e-06
ELK1,9.29305966174021e-06
PKNOX1,9.268491538662549e-06
BAP1,9.182903251982566e-06
TBP,9.122959890527805e-06
POU3F1,9.10991613477563e-06
MPHOSPH10,9.091008839768654e-06
NFE2L1,9.051567048141195e-06
CARHSP1,9.048792449691904e-06
SOX30,8.958135869988837e-06
ZC3H7A,8.926291407300724e-06
SP140,8.894100872411049e-06
CWC27,8.881755928612734e-06
ZBTB38,8.879501538530122e-06
LIMK1,8.795132382408254e-06
ZNF286A,8.73443081584213e-06
ZDHHC23,8.729476081599686e-06
MAFA,8.700700966968289e-06
ATF6B,8.639037434107876e-06
MIER1,8.621205787044388e-06
CHTOP,8.59264609954969e-06
LINC01215,8.441484739040161e-06
TRPC4AP,8.419448534723982e-06
SIX3,8.405227806371984e-06
ZNF567,8.387915302137117e-06
SMARCC2,8.380223686831557e-06
ZNF777,8.331612710207991e-06
RPS6KA4,8.31139883176135e-06
TBX1,8.254093650179096e-06
ZKSCAN4,8.224784759477189e-06
HBP1,8.221246203362398e-06
MADD,8.207636032407261e-06
TARDBP,8.173233172674489e-06
TNFRSF1A,8.167581233409853e-06
SNW1,8.145448938421395e-06
ZC3HAV1,8.058802255987984e-06
TTBK2,8.025990805244021e-06
ZNF236,7.98802351241079e-06
ACTR2,7.969028798015643e-06
TAF5,7.95174674823329e-06
PRKAG1,7.897961387129727e-06
DHX29,7.752287693705284e-06
BRIX1,7.740604390923279e-06
ZDHHC4,7.625135987977483e-06
TRIM39,7.604795984974544e-06
CRNKL1,7.591716822328839e-06
SETD1B,7.5807871734129144e-06
CREM,7.5195317984859954e-06
PTBP1,7.517906121130125e-06
YTHDF2,7.499662951403252e-06
CTNNB1,7.4663946694784045e-06
POLR2I,7.417203949853514e-06
U2SURP,7.413641822950012e-06
GEMIN6,7.413433251684864e-06
HDAC4,7.390205605664869e-06
CEBPG,7.2915627650758104e-06
WDR5,7.269202848357636e-06
ING3,7.1523941454864906e-06
BHLHE41,7.067609185248389e-06
TYROBP,6.986404437100191e-06
ZMYM5,6.954220420326618e-06
ZNF726,6.9056632930255545e-06
FIZ1,6.802377754638656e-06
POU6F1,6.799942733266562e-06
USB1,6.723810999460511e-06
SRRT,6.687422627706496e-06
TRAIP,6.65124724952193e-06
L3MBTL4,6.640447367897776e-06
FOSB,6.61847222592371e-06
HDAC2,6.611256013414168e-06
STARD4-AS1,6.559006327762517e-06
YWHAZ,6.4872139018517796e-06
ZNF383,6.45760109728144e-06
CHRAC1,6.4499530600414805e-06
GTF2F1,6.432059097789988e-06
HOXC10,6.4296800202612304e-06
MTDH,6.407533637495772e-06
MRPL13,6.3210299265592514e-06
FOXA3,6.263795895833701e-06
PHF21A,6.234764894525599e-06
FAM50A,6.219589011593473e-06
BAZ2B,6.137954398166113e-06
ZNF639,6.085734341894522e-06
SNRPD2,6.074896850886968e-06
MAFF,6.0221422792076095e-06
TRIM27,6.0084278283056845e-06
WTAP,6.000573457605185e-06
LDB1,5.985555968390898e-06
SPSB1,5.88914173446762e-06
IRF2,5.824228903200154e-06
HOXC8,5.8170600022151575e-06
UBTF,5.785060983981794e-06
CIC,5.765954732078193e-06
XAB2,5.74338821108894e-06
CLK1,5.675519827146535e-06
PTPRC,5.6481183521981395e-06
EPHB3,5.450245083857004e-06
MAPK3,5.38750200373378e-06
CNBP,5.375300884704004e-06
SRCAP,5.282036833116871e-06
ULK1,5.205286074154713e-06
TGFBR2,5.201357477282898e-06
ZDHHC3,5.140470288012011e-06
SNRPC,5.1267564436509874e-06
SERBP1,5.07225092947905e-06
TRIM62,5.039425565428246e-06
ZNF791,5.028496901289258e-06
PNKP,4.9787682347088855e-06
RBFOX2,4.927769566270862e-06
THOC7,4.868871235053973e-06
TFDP1,4.84674277557795e-06
MIR497HG,4.830924233068856e-06
TRAK1,4.732964740936929e-06
PHF19,4.686952512753084e-06
MEF2A,4.669065182611121e-06
MPHOSPH8,4.649704868107562e-06
WIZ,4.606818332885898e-06
YBX3,4.580950453749566e-06
CELF2,4.572116971871765e-06
F2R,4.56655817013496e-06
TRIM4,4.542937223007471e-06
WBP4,4.52279927982957e-06
MIER2,4.519338970169428e-06
AFF4,4.476719666560317e-06
PRKG1,4.449740121082686e-06
HOXC11,4.426040706377865e-06
WDR83,4.411621752887562e-06
CTBP1,4.3488393012373496e-06
CASP9,4.323741000860082e-06
SNRNP35,4.242126884953512e-06
ZNF524,4.239829366436979e-06
FZD7,4.236953623808437e-06
PLCG2,4.199928054585467e-06
MEF2D,4.150138503529632e-06
ARX,4.14869693128529e-06
DDX39A,4.146806863465358e-06
SRSF2,4.128531417358375e-06
ZSCAN26,4.113338714091696e-06
CAMTA2,4.097692819811982e-06
JADE2,4.079115665302724e-06
SPOP,4.078728298645473e-06
TRIM8,4.031956362011784e-06
POLR2K,3.996696946519886e-06
WWP1,3.9616649812481125e-06
TNRC6B,3.848863204645169e-06
ENO1,3.807505866515955e-06
ZC3H8,3.7867977219044893e-06
SNRPA1,3.761928474295573e-06
TLL1,3.7227293036607993e-06
ZBTB39,3.657954047042722e-06
PSMB5,3.657572832363479e-06
TCF4,3.641686017270454e-06
HOXB2,3.590680620782383e-06
SNRPA,3.5906074880734386e-06
STAT3,3.5826628244388925e-06
DCN,3.5772955087108036e-06
CCAR2,3.5629294876947937e-06
ZNF721,3.5153281833260055e-06
SATB1,3.4309843880608733e-06
PIM1,3.4188344176493414e-06
LITAF,3.402011241052727e-06
RFX1,3.3496136815927003e-06
ZNF652,3.343943009558155e-06
ZNF823,3.3277514418898052e-06
CD34,3.27893899630316e-06
CTDSP1,3.253693841452923e-06
NR1H3,3.2520943146818193e-06
CAV1,3.238067673187406e-06
SOX12,3.20309281751463e-06
MAFB,3.1974577913757923e-06
PNN,3.1938960545915275e-06
SP1,3.1665771399698172e-06
TRIM56,3.157386387142552e-06
ZNF700,3.141053450896436e-06
LSM7,3.107763631411478e-06
ZNF554,3.0876585586474757e-06
SOHLH2,3.078626563556952e-06
ZNF287,3.0724700052640745e-06
ZBTB3,3.05988230944515e-06
NOTCH4,3.0503716009064874e-06
LINC00861,3.0232170609455507e-06
PINK1,3.0154857449438134e-06
PPIH,2.9727398713949027e-06
SRRM2,2.9332676537668602e-06
SPHK1,2.8949084421213687e-06
NR4A2,2.8941798557486353e-06
RNPS1,2.837357855942567e-06
TGFB1,2.8244552970133617e-06
MBD2,2.80721779051174e-06
TAF1,2.76579560461342e-06
LINC01615,2.745570005316611e-06
MIR9-3HG,2.72022015454354e-06
NCOR1,2.7017294148436042e-06
PELI1,2.680126149323336e-06
RORC,2.6656108237073025e-06
SLC30A9,2.626589733529805e-06
SLC8A2,2.6047611269461865e-06
TRIM41,2.585311237801591e-06
WDR5B,2.5714305641173496e-06
MAX,2.5710713680771737e-06
TRIM22,2.564592228685325e-06
DHX38,2.5397616227750272e-06
PRKX,2.5384487470353353e-06
SETD5,2.5361981438223323e-06
SRSF3,2.536152590510498e-06
TRA2A,2.5296745945420084e-06
MORF4L1,2.4855572815606353e-06
MSL3,2.4577922692158077e-06
PPP1CA,2.4218612885224938e-06
CKS1B,2.408611848827187e-06
CXXC1,2.4020744962910397e-06
TLE3,2.3970603399493525e-06
SPI1,2.3780193032081344e-06
NR0B2,2.3629822560025103e-06
BCL6B,2.346904070989808e-06
TNK1,2.3446691880835147e-06
PSMB1,2.3423556685711885e-06
POLR2F,2.2834379612732964e-06
HOXD9,2.2553602817936282e-06
CHD4,2.2472497421639916e-06
TCF3,2.242136113358294e-06
LRPAP1,2.2362913299706636e-06
TRPM4,2.2028297341328274e-06
STAT1,2.1849744967295927e-06
ITGB5,2.17977711670049e-06
LRRFIP1,2.1790450614881384e-06
ZNF8,2.165462522995487e-06
ZNF749,2.159630647278062e-06
NFATC4,2.1462603110188327e-06
ZBTB37,2.140949453973917e-06
MNT,2.125099888034415e-06
TBX3,2.091195936556149e-06
FBXL7,2.0843723618973576e-06
CTSV,2.058194142737335e-06
NOTCH1,2.0419693212607727e-06
TNRC6A,1.920636724237312e-06
FBXL19-AS1,1.8936569474732322e-06
FAM66B,1.8674646220375734e-06
DEAF1,1.855801276963498e-06
S100A12,1.854913365143318e-06
TRIM45,1.8538859016214991e-06
TRG-AS1,1.848345390101258e-06
HDAC11,1.8298875015021475e-06
LINC01291,1.817011102225763e-06
ARID3A,1.8039732483643433e-06
SCML1,1.7422458060301626e-06
PSMB8-AS1,1.726902485654047e-06
THRB,1.6879364550110298e-06
RUNX3,1.682050281864492e-06
ZDHHC2,1.6600820215160183e-06
ARID3B,1.6533192035552701e-06
NPNT,1.6157683814520228e-06
GRSF1,1.588131820799532e-06
SOX18,1.578460451177932e-06
USP49,1.5221425988727331e-06
TEAD4,1.5170809559860026e-06
POU2F2,1.4678816009663364e-06
LINC00857,1.454458043852469e-06
MESP1,1.4498336900001797e-06
TMPO-AS1,1.448273533000588e-06
YBX1,1.4259118704592831e-06
HOXA3,1.4039063603785706e-06
PRDM13,1.397387642844805e-06
KAT2A,1.3939219587298344e-06
SCML2,1.3901786030316998e-06
ZNF516,1.3828818618932815e-06
MLXIPL,1.3637707778113294e-06
ZBTB7B,1.3433059704837657e-06
HCG11,1.333000248081362e-06
NOTCH3,1.2979439658849174e-06
TSC22D4,1.287701765416309e-06
THSD4,1.2832448520943806e-06
MAFK,1.2606274232614097e-06
DHH,1.2596922351857385e-06
ZNF219,1.2430698747678548e-06
VTCN1,1.2381701834840442e-06
ZNF837,1.2201821580433148e-06
CSDC2,1.2078779372686198e-06
TFAP2A,1.2072853274244233e-06
CEBPB,1.184371163974629e-06
MSC-AS1,1.1687074546998244e-06
CREB3,1.159694571675556e-06
SETMAR,1.157382802268403e-06
METTL3,1.1343576535132462e-06
MET,1.112722578177087e-06
GLI3,1.0793878778546789e-06
STK16,1.0754040047140367e-06
PITRM1-AS1,1.0715462774584238e-06
SOX4,1.0588006288344207e-06
THAP5,1.0376969337855257e-06
PSMB4,1.0274443929350894e-06
TEK,1.0211803964494947e-06
SPRY2,1.0142869882685535e-06
ZNF205,9.933988224823317e-07
ESRRA,9.62654392742096e-07
CDKL3,9.602713713870135e-07
LINC00632,9.423494568352453e-07
USP44,9.389101946801759e-07
SOX9,9.34230159945093e-07
ZDHHC8,9.196155314619148e-07
ITGB2-AS1,9.172746404289e-07
LMX1B,9.067235707576061e-07
LINC00235,9.035488907009892e-07
SARNP,8.921347479216024e-07
RXRA,8.878900219526816e-07
APOA1-AS,8.780711815212782e-07
LINC00487,8.740434319456369e-07
DLX5,8.648134021901899e-07
SNRNP70,8.32427586348744e-07
ZNF117,8.244584084249346e-07
MIR155HG,8.218791078391518e-07
FOLR1,8.11626695635368e-07
PSMA2,8.092044460184419e-07
POU2F3,8.003758692893826e-07
RARB,7.97856520357243e-07
CBX2,7.639859759365208e-07
CBX7,7.576854914335129e-07
ZDHHC24,7.545724738501112e-07
PTP4A3,7.507501779568451e-07
ACE2,7.47188652114511e-07
SH3RF3-AS1,7.378881788255853e-07
DNM3OS,7.322289811728667e-07
NPAS1,7.21262836239224e-07
NFIB,7.16738947084565e-07
PER1,6.968359014568863e-07
CASZ1,6.964540201646885e-07
CITED1,6.860278846795299e-07
RHOXF1,6.806954871017013e-07
NKX3-1,6.718771955194942e-07
RNF111,6.686839950678091e-07
MUTYH,6.62773709662343e-07
MSC,6.52263229157346e-07
THAP7-AS1,6.437955619134073e-07
HAGLROS,6.410046014906356e-07
GATA6-AS1,6.390496692411929e-07
CDKL4,6.268959643617179e-07
DDX11-AS1,6.190831599681701e-07
LINC00528,6.185818878030602e-07
HOXB5,6.067343829759299e-07
TET1,6.062034712127628e-07
GLIS2,5.987967698573015e-07
LINC01140,5.921060104547849e-07
CHEK1,5.881995045295268e-07
KLF15,5.832572867667806e-07
HOXD-AS2,5.793480363119954e-07
TSSK4,5.723383327307374e-07
TFAP2C,5.664826197041379e-07
ZNF541,5.530932567676672e-07
COL4A3,5.381457597652128e-07
SOX11,5.289741160099271e-07
TIA1,5.267252818559627e-07
SNHG18,5.227840904169708e-07
PLK4,5.214417559908923e-07
YBX2,5.077058277468405e-07
MEOX2,5.033365058571894e-07
POLQ,4.811600885323841e-07
BARX2,4.6617644587330916e-07
BAZ1B,4.577804190022405e-07
PLK5,4.503068492596185e-07
SOX8,4.4460229588227927e-07
LINC00339,4.388989461176024e-07
RUNX1,4.3537902897981817e-07
SKP2,4.347195272785334e-07
HOXD3,4.291102666788907e-07
DUBR,4.2160098351901566e-07
EMX2OS,4.088412683493914e-07
POU2AF1,3.7515124065232164e-07
CELF3,3.505207441953928e-07
LINC01058,3.3937637488357097e-07
ZNF22,3.387136898319772e-07
IL4I1,3.36350638172167e-07
RIPK3,3.3316058404686543e-07
NKILA,3.279534775580024e-07
VIM-AS1,3.106759520602742e-07
HAND2,3.0716873290392854e-07
WNK2,3.005860875282262e-07
PROX1,2.971193045002707e-07
PAX7,2.9489721022990525e-07
MXD4,2.930410251942043e-07
SLCO4A1-AS1,2.9066563510937725e-07
FBXL22,2.9010002387330755e-07
SAP130,2.86205552171126e-07
ZNF438,2.831565909899858e-07
ZNF454,2.7844407956445494e-07
LINC00607,2.7749376487055254e-07
RUNX1T1,2.7697961744632683e-07
TAF10,2.613348899196677e-07
MYRF,2.5943356595535364e-07
TBX21,2.3832914741798473e-07
KCNJ2-AS1,2.3760664076810653e-07
HOXD4,2.3070029654401536e-07
PLAG1,2.265387320096804e-07
EOMES,2.253765574790571e-07
THRA,2.1693475022402115e-07
NRBP2,2.1068340934471407e-07
SERTAD4-AS1,2.0827781504232504e-07
SPDEF,2.009325337213458e-07
CELSR2,1.965525328662884e-07
LYAR,1.9596751279699064e-07
TRAT1,1.888852963913834e-07
LCMT1-AS2,1.8818792591446252e-07
LPIN1,1.854149052948691e-07
TREX2,1.8438004464197896e-07
TSSK3,1.8171652748755208e-07
CARF,1.8100587398173217e-07
GSC,1.7752572392204512e-07
NEAT1,1.7736384632005555e-07
WWC2-AS2,1.7596016504484167e-07
MIR503HG,1.747232715613306e-07
FOXP4-AS1,1.7412324227775775e-07
ZNF337,1.69651751916966e-07
LHX4,1.6953526395724339e-07
EGR4,1.6541911072209814e-07
ZNF716,1.6405226691262877e-07
CCDC144NL-AS1,1.6321989232315205e-07
SNHG9,1.6253129087438585e-07
PCAT6,1.6105189737147459e-07
ZNF195,1.6011387657145075e-07
MLXIP,1.5712864175328016e-07
NKX3-2,1.5577522828280623e-07
PAXBP1,1.547856974385923e-07
S100A9,1.5392822660559475e-07
ZNF785,1.4950341204877925e-07
CA3-AS1,1.4577215154698564e-07
ZHX2,1.4092904136653317e-07
MYCN,1.402579191971398e-07
NFYC-AS1,1.393489272274451e-07
ASCL1,1.3768787866574872e-07
MUC1,1.3450936521722939e-07
LINC01018,1.3323789458663525e-07
FOSL1,1.3270386995603976e-07
AATBC,1.318220454979979e-07
C10orf55,1.3143295259876454e-07
U2AF1L4,1.3104485797165667e-07
SREBF2,1.2986512838238788e-07
LUCAT1,1.2664734989620284e-07
TRIM3,1.2509548469500245e-07
MRPL12,1.2465185036236076e-07
PIK3CD-AS2,1.1979234278550883e-07
BHLHA15,1.1838993516954943e-07
RGMB-AS1,1.1599209385115827e-07
AKAP8L,1.1313864065725125e-07
RFPL1S,1.1124674824536385e-07
HOTAIRM1,1.1104562632402448e-07
NOTUM,1.1046930997693493e-07
MIR100HG,1.0647702627952782e-07
RBM6,1.0631998449870815e-07
HAGLR,1.0521258109563724e-07
ZMYND15,1.0382246731133192e-07
TFAM,1.0102397348132896e-07
ETS2,9.970947421947501e-08
CD3E,9.964094346764582e-08
FAM157C,9.710228902726213e-08
CREBZF,9.688591973549838e-08
KRTAP5-AS1,9.599069276788885e-08
RBM10,9.424492302117365e-08
IRX6,9.359297319178061e-08
LBX2-AS1,9.325460364095761e-08
PTOV1-AS2,9.08957426251078e-08
WNT5A-AS1,8.936949782789583e-08
RIPK2,8.736200969170458e-08
ATP2A1-AS1,8.716261692054417e-08
ATOH7,8.68163257151562e-08
ATOH8,8.622308728414125e-08
ZDHHC22,8.566883297422834e-08
LINC01554,8.483206453941891e-08
PRC1-AS1,8.468360077622077e-08
SPEF2,8.32801725081456e-08
HOXC-AS1,8.21618512398814e-08
FOXD3-AS1,8.054948361469014e-08
LINC00623,7.949545318612987e-08
ZIC4,7.823547195223018e-08
POU5F1,7.799249505898928e-08
LINC01127,7.695808406782412e-08
DDX46,7.413381145759957e-08
LMBR1L,7.360063214536736e-08
MYT1,7.075299393894775e-08
LHX2,7.040220847010642e-08
ADAD2,6.946227100645963e-08
FBXL3,6.90139943597106e-08
RNF135,6.791192669023532e-08
SNHG21,6.611734865184684e-08
ZNF540,6.570215803192169e-08
BAZ1A,6.505241735439358e-08
TFAP2E,6.454087481871928e-08
DANT2,6.303103227800478e-08
HNRNPAB,6.294602722471741e-08
KCNQ1OT1,6.265293506202419e-08
LINC01311,6.221859936267337e-08
LINC01126,6.045981640001586e-08
ZBED2,6.001229514602898e-08
LINC00640,5.9209184362085664e-08
TGM1,5.797599780898197e-08
MYT1L,5.7694294729682126e-08
ZNF141,5.681287865322293e-08
LINC01089,5.5080545886837784e-08
BARX1,5.320106104741832e-08
SPIB,5.239388378970069e-08
LHX9,5.201528779563702e-08
COL9A2,5.0925229773864055e-08
MNX1-AS1,5.0807652721807096e-08
TRIM17,5.000495249834341e-08
DLX1,4.9394604878294504e-08
ELF1,4.7954748555401046e-08
HOXB9,4.636607616670396e-08
ZAP70,4.634011610707423e-08
SRSF6,4.606204792186041e-08
HSF4,4.4950725062276044e-08
SEMA3F-AS1,4.3574377166955006e-08
OLMALINC,4.339243280082616e-08
SEMA6A-AS1,4.253688161348635e-08
RXRG,4.245804868543133e-08
HOXA-AS2,4.241600617826969e-08
LINC01605,4.1719562512417894e-08
MIR3945HG,4.162262833751207e-08
WNK4,4.1127882302581866e-08
NEXN-AS1,4.014761618252593e-08
PCAT7,3.980435493631022e-08
AFF3,3.9436089717387066e-08
VTN,3.878330591966517e-08
CRX,3.8647686909865086e-08
SRSF12,3.789477413795037e-08
RAMP3,3.703498957496974e-08
GNB3,3.5689826364350416e-08
DIO3OS,3.482587730113673e-08
DLGAP1-AS5,3.466521180828242e-08
FLNB-AS1,3.407472355361485e-08
GLYCTK,3.400781040248922e-08
LINC00989,3.331897734670797e-08
ZNF460,3.295922370409512e-08
MEF2C-AS1,3.26283536296601e-08
TGFB3,3.198596133451947e-08
LINC00839,3.148824695755996e-08
ZNF552,3.075915315620668e-08
LSM3,2.2489331634944202e-08
PRR7-AS1,2.2480892965572703e-08
KCNMA1-AS3,2.228422710726747e-08
CBFA2T3,2.2248028583471414e-08
CTBP1-AS,2.2056865281835665e-08
LINC01124,2.1655779639848104e-08
LINC01356,1.9475532527303095e-08
DLX6,1.94188544149252e-08
NKX6-3,1.884194854595567e-08
LINC01142,1.7311136423175813e-08
RDH10-AS1,1.714813774086107e-08
PIK3R2,1.6380326662610022e-08
TMEM92-AS1,1.5705709387733856e-08
MIRLET7BHG,1.5088444499156137e-08
LINC01271,1.4939331751021023e-08
FAM225A,1.4904550759475832e-08
MIXL1,1.4856646759514699e-08
DGCR5,1.4830175855506173e-08
IRX1,1.4374142662272019e-08
NBAT1,1.224676264885427e-08
HOTAIR,1.1834336660713151e-08
JARID2-AS1,1.1797490585135906e-08
MIR222HG,1.1502604700528974e-08
MMP9,1.0496240730118161e-08
KCNK15-AS1,9.60426395030592e-09
LINC01118,8.551018782216213e-09
FAM13A-AS1,7.948791891740359e-09
ZNF177,7.92827201473445e-09
KLF17,7.113301285377937e-09
MMP10,7.012809755254474e-09
CT62,6.966988398919094e-09
LINC00165,6.667290142621648e-09
CADM3-AS1,5.923577349560322e-09
LINC01305,5.820742543544144e-09
SP5,5.751616865873831e-09
LINC00926,5.29856514611929e-09
LMO1,2.917483414056898e-09
BRSK2,2.8586077830544673e-09
YEATS2-AS1,2.6992356018746888e-09
C1RL-AS1,2.487921499924037e-09
LIPE,2.324957518098691e-09
PARD6G-AS1,2.017535435465054e-09
XIST,1.9573827548663434e-09
LINC00654,1.8864536220075668e-09
POU3F3,1.4803161443484313e-09
DPP9-AS1,1.47494893822447e-09
PPARG,1.2621974387532016e-09
LINC01410,1.1754705991515237e-09
MYCNOS,8.671639609240652e-10
HOXB-AS3,4.6109224202867985e-10
CARMN,3.0003377033336587e-10
MYRFL,1.6774213633959887e-10
BMP2,1.4493121786030016e-10
PLBD1-AS1,1.0810146059379854e-10
PCOLCE-AS1,5.205775725100707e-11
